TimeStamp,Delta_TP9,Delta_AF7,Delta_AF8,Delta_TP10,Theta_TP9,Theta_AF7,Theta_AF8,Theta_TP10,Alpha_TP9,Alpha_AF7,Alpha_AF8,Alpha_TP10,Beta_TP9,Beta_AF7,Beta_AF8,Beta_TP10,Gamma_TP9,Gamma_AF7,Gamma_AF8,Gamma_TP10,RAW_TP9,RAW_AF7,RAW_AF8,RAW_TP10,AUX_RIGHT,Accelerometer_X,Accelerometer_Y,Accelerometer_Z,Gyro_X,Gyro_Y,Gyro_Z,HeadBandOn,HSI_TP9,HSI_AF7,HSI_AF8,HSI_TP10,Battery,Elements
21:54:58.110,17.998.768,60.730.577,7.160.178,-27.661.332,24.013.022,32.444.555,1.536.343,43.434.078,53.552.574,-9.639.687,27.049.732,49.221.888,6.348.693,8.278.852,10.988.356,6.047.603,55.430.156,34.521.732,82.112.616,504.099,8.876.557,7.937.729,4.770.696,77.322.345,70.391.943,56.878.662.109.375,2.313.232.421.875,83.648.681.640.625,1.188.812.255.859.370,-4.059.906.005.859.370,-195.892.333.984.375,1,1.0,1.0,2.0,1.0,55.00,
21:54:59.115,6.413.618,60.730.577,7.160.178,51.576.555,5.584.456,32.444.555,1.536.343,55.781.496,10.225.886,-9.639.687,27.049.732,910.103,8.616.203,8.278.852,10.988.356,93.499.565,6.444.986,34.521.732,82.112.616,48.158.586,9.275.458,8.175.458,7.438.095,79.014.655,6.994.872,56.561.279.296.875,1.910.400.390.625,831.787.109.375,800.018.310.546.875,-4.015.045.166.015.620,-2.325.286.865.234.370,1,1.0,1.0,2.0,1.0,55.00,
21:55:00.125,7.102.085,60.730.577,7.160.178,48.425.615,5.073.244,32.444.555,1.536.343,6.080.874,10.717.237,-9.639.687,27.049.732,967.729,7.747.682,8.278.852,10.988.356,90.360.993,54.868.406,34.521.732,82.112.616,5.111.791,723663,7.832.967,35.860.806,8.352.747,80.465.204,56.982.421.875,198.974.609.375,83.172.607.421.875,15.850.830.078.125,-435.150.146.484.375,-1.308.441.162.109.370,1,1.0,1.0,2.0,1.0,55.00,
21:55:01.140,93.454.665,60.730.577,7.160.178,8.910.019,9.852.464,32.444.555,1.536.343,9.826.265,12.910.658,-9.639.687,27.049.732,12.666.788,8.298.577,8.278.852,10.988.356,10.097.497,5.767.993,34.521.732,82.112.616,5.186.347,96.542.126,91.626.373,6.326.007,77.564.105,67.531.134,57.318.115.234.375,1.776.123.046.875,8.287.353.515.625,145.050.048.828.125,-418.701.171.875,-1.697.235.107.421.870,1,1.0,1.0,2.0,1.0,55.00,
21:55:01.985,,,,,,,,,,,,,,,,,,,,,,,,,,,,,,,,,,,,,,/muse/elements/jaw_clench
21:55:02.147,85.308.653,60.730.577,7.160.178,80.529.433,73.738.915,32.444.555,1.536.343,7.699.686,11.143.708,-9.639.687,27.049.732,99.375.844,82.657.975,8.278.852,10.988.356,8.403.323,5.812.394,34.521.732,82.112.616,56.630.695,66.725.275,8.445.421,0.0,8.215.751,9.416.484,57.391.357.421.875,186.767.578.125,83.355.712.890.625,1.727.142.333.984.370,-402.252.197.265.625,-22.430.419.921.875,1,1.0,1.0,2.0,1.0,55.00,
21:55:02.503,,,,,,,,,,,,,,,,,,,,,,,,,,,,,,,,,,,,,,/muse/elements/jaw_clench
21:55:03.021,,,,,,,,,,,,,,,,,,,,,,,,,,,,,,,,,,,,,,/muse/elements/jaw_clench
21:55:03.149,84.397.125,60.730.577,7.160.178,8.078.142,79.733.855,32.444.555,1.536.343,7.329.575,11.489.491,-9.639.687,27.049.732,9.840.879,8.068.797,8.278.852,10.988.356,8.399.454,5.987.916,34.521.732,82.112.616,5.336.548,9.114.286,92.150.183,11.334.432,8.094.872,64.992.676,47.637.939.453.125,78.125,88.897.705.078.125,-11.162.872.314.453.100,1.849.761.962.890.620,-8.553.466.796.875,1,1.0,1.0,2.0,1.0,55.00,
21:55:03.538,,,,,,,,,,,,,,,,,,,,,,,,,,,,,,,,,,,,,,/muse/elements/jaw_clench
21:55:04.155,,,,,,,,,,,,,,,,,,,,,,,,,,,,,,,,,,,,,,/muse/elements/blink
21:55:04.157,9.565.638,60.730.577,7.160.178,96.125.245,6.115.667,32.444.555,1.536.343,5.520.759,6.771.285,-9.639.687,27.049.732,81.765.574,93.272.704,8.278.852,10.988.356,10.047.663,51.086.354,34.521.732,82.112.616,5.566.798,74.985.345,6.027.839,5.814.286,8.094.872,7.329.304,78.125,-4.254.150.390.625,100.653.076.171.875,3.828.125,-2.093.505.859.375,7.177.734.375,1,1.0,1.0,2.0,1.0,55.00,
21:55:05.188,17.282.971,60.730.577,7.160.178,16.953.331,14.401.045,32.444.555,1.536.343,14.328.953,12.667.614,-9.639.687,27.049.732,10.822.583,10.975.848,8.278.852,10.988.356,10.500.468,68.614.364,34.521.732,82.112.616,6.922.424,8.356.777,75.227.106,1.325.641,850989,9.235.165,159.423.828.125,-2.587.890.625,99.554.443.359.375,351.409.912.109.375,-7.559.051.513.671.870,-336.456.298.828.125,1,1.0,1.0,2.0,1.0,55.00,
21:55:05.286,,,,,,,,,,,,,,,,,,,,,,,,,,,,,,,,,,,,,,/muse/elements/blink
21:55:06.193,17.282.971,60.730.577,7.160.178,19.594.074,14.401.045,32.444.555,1.536.343,17.190.945,12.667.614,-9.639.687,27.049.732,10.690.747,10.975.848,8.278.852,10.988.356,10.269.557,68.614.364,34.521.732,82.112.616,7.808.506,8.026.374,8.300.366,7.192.308,770.0,74.058.606,31.939.697.265.625,-6.109.619.140.625,954.833.984.375,2.355.194.091.796.870,-1.081.146.240.234.370,-124.114.990.234.375,1,1.0,1.0,2.0,1.0,55.00,
21:55:07.198,14.909.304,60.730.577,7.160.178,19.594.074,10.070.692,32.444.555,1.536.343,17.190.945,12.151.799,-9.639.687,27.049.732,10.690.747,9.953.884,8.278.852,10.988.356,10.269.557,62.835.675,34.521.732,82.112.616,7.808.506,8.550.183,79.054.944,7.212.454,80.868.134,10.323.077,35.693.359.375,-5.938.720.703.125,93.914.794.921.875,1.495.361.328.125,-4.523.468.017.578.120,-216.827.392.578.125,1,1.0,1.0,2.0,1.0,55.00,
21:55:08.232,12.601.515,57.728.212,7.160.178,47.971.007,8.904.725,111.456.744,1.536.343,5.799.605,12.387.683,18.811.527,27.049.732,10.423.355,9.484.858,12.553.935,10.988.356,89.967.847,5.617.113,7.987.248,82.112.616,7.088.423,88.322.345,828022,54.959.705,78.128.204,7.635.531,3.656.005.859.375,-5.816.650.390.625,936.767.578.125,1.383.209.228.515.620,-42.169.189.453.125,-222.808.837.890.625,1,1.0,1.0,2.0,1.0,55.00,
21:55:09.239,9.842.356,-74.534.817,7.160.178,-31.537.697,5.200.722,6.657.411,1.536.343,28.186.375,6.430.669,51.402.354,27.049.732,71.263.546,8.089.631,12.030.808,10.988.356,8.401.952,6.679.861,9.789.425,82.112.616,65.693.295,7.542.857,7.736.264,9.428.571,8.175.458,8.304.396,37.445.068.359.375,-5.853.271.484.375,9.412.841.796.875,1.996.307.373.046.870,-43.365.478.515.625,-2.093.505.859.375,1,1.0,1.0,2.0,1.0,55.00,
21:55:10.255,7.810.074,-3.799.387,7.160.178,42.351.815,5.783.035,-3.089.651,1.536.343,35.774.812,9.359.512,1.852.713,27.049.732,76.847.875,8.769.899,12.579.845,10.988.356,91.422.004,56.142.604,7.960.002,82.112.616,59.130.144,8.247.985,8.320.513,76.113.556,80.465.204,6.849.817,37.091.064.453.125,-555.419.921.875,93.914.794.921.875,1.592.559.814.453.120,-36.187.744.140.625,-155.517.578.125,1,1.0,1.0,2.0,1.0,55.00,
21:55:11.274,10.165.588,78.456.365,7.160.178,6.834.565,7.773.983,6.289.611,1.536.343,87.463.725,1.092.587,4.299.448,27.049.732,10.169.754,1.032.315,12.342.216,10.988.356,9.558.023,46.052.516,39.143.628,82.112.616,46.910.262,7.127.839,810696,4.412.088,8.272.161,8.215.751,36.932.373.046.875,-5.511.474.609.375,942.626.953.125,14.056.396.484.375,-441.131.591.796.875,-1.502.838.134.765.620,1,1.0,1.0,2.0,1.0,55.00,
21:55:11.925,,,,,,,,,,,,,,,,,,,,,,,,,,,,,,,,,,,,,,/muse/elements/blink
21:55:12.283,7.766.946,-7.250.542,7.160.178,3.010.485,4.879.265,17.249.101,1.536.343,53.756.475,986.373,43.135.145,27.049.732,7.987.858,764.847,1.229.118,10.988.356,8.495.508,35.581.094,51.986.164,82.112.616,52.747.744,7.381.685,8.110.989,37.875.458,8.405.128,7.019.048,37.640.380.859.375,-5.401.611.328.125,94.097.900.390.625,1.906.585.693.359.370,-43.963.623.046.875,-12.860.107.421.875,1,1.0,1.0,2.0,1.0,55.00,
21:55:13.294,64.980.483,25.404.803,7.160.178,31.107.628,5.482.698,23.660.915,1.536.343,60.270.244,49.611.622,3.077.743,27.049.732,58.857.393,6.160.996,12.758.614,10.988.356,930.121,34.460.536,6.482.881,82.112.616,58.314.824,7.631.502,8.030.403,11.805.861,8.195.604,87.113.556,38.494.873.046.875,-4.803.466.796.875,9.305.419.921.875,1.278.533.935.546.870,-3.955.230.712.890.620,-2.011.260.986.328.120,1,1.0,1.0,2.0,1.0,50.00,
21:55:14.302,7.264.878,-1.757.436,7.160.178,5.733.846,24.485.002,23.133.051,1.536.343,1.567.369,5.493.813,2.713.604,27.049.732,5.526.103,5.627.451,12.546.655,10.988.356,5.963.592,5.582.674,64.728.767,82.112.616,6.949.137,87.798.535,8.159.341,24.538.461,79.699.634,8.183.516,38.543.701.171.875,-5.047.607.421.875,93.377.685.546.875,180.938.720.703.125,-4.508.514.404.296.870,-204.864.501.953.125,1,1.0,1.0,2.0,1.0,50.00,
21:55:15.311,1.611.978,-31.057.757,7.160.178,19.997.804,35.624.933,12.253.489,1.536.343,28.272.128,9.228.496,42.569.265,27.049.732,6.763.205,6.477.109,12.250.808,10.988.356,7.356.419,56.435.865,71.158.284,82.112.616,62.977.195,700696,7.712.088,17.043.956,8.195.604,92.150.183,3.924.560.546.875,-4.742.431.640.625,9.315.185.546.875,889.739.990.234.375,-466.552.734.375,-1.712.188.720.703.120,1,1.0,1.0,2.0,1.0,50.00,
21:55:16.316,56.020.355,-5.313.039,7.160.178,4.750.798,4.577.886,26.837.337,1.536.343,22.108.589,8.404.606,417.542,27.049.732,5.462.786,68.568.593,11.929.271,10.988.356,71.125.746,41.295.883,77.317.864,82.112.616,57.441.235,8.018.315,8.187.546,3.195.238,8.300.366,7.200.366,405.029.296.875,-4.437.255.859.375,92.742.919.921.875,1.517.791.748.046.870,-4.134.674.072.265.620,-1.973.876.953.125,1,1.0,1.0,4.0,1.0,50.00,
21:55:17.320,53.126.657,-27.569.908,7.160.178,18.749.735,34.647.456,-50.154.205,1.536.343,24.517.807,40.786.865,15.284.823,27.049.732,35.723.743,70.698.327,12.234.725,10.988.356,86.120.635,43.813.953,88.329.774,82.112.616,61.551.356,76.032.965,8.066.667,33.886.447,8.260.073,833663,39.801.025.390.625,-4.827.880.859.375,92.718.505.859.375,1.577.606.201.171.870,-438.140.869.140.625,-23.626.708.984.375,1,1.0,1.0,2.0,1.0,50.00,
21:55:18.323,19.036.064,-19.545.308,7.160.178,8.063.923,2.608.322,-5.179.707,1.536.343,12.617.245,3.283.313,10.279.524,27.049.732,49.184.427,7.317.428,11.560.305,10.988.356,9.394.218,62.630.826,6.461.677,82.112.616,7.158.026,7.143.956,8.131.135,44.362.637,8.147.253,8.038.461,40.350.341.796.875,-440.673.828.125,922.119.140.625,79.254.150.390.625,-3.671.112.060.546.870,-210.845.947.265.625,1,1.0,1.0,4.0,1.0,50.00,
21:55:19.328,63.969.165,31.346.466,7.160.178,-11.578.433,30.529.913,10.788.621,1.536.343,9.770.428,44.929.743,5.641.071,27.049.732,5.148.699,7.811.586,11.968.163,10.988.356,8.523.621,5.746.419,680.068,82.112.616,49.866.304,86.227.106,77.564.105,13.296.703,85.139.197,10.161.905,4.644.775.390.625,4.400.634.765.625,8.975.830.078.125,-530.853.271.484.375,-11.372.222.900.390.600,4.486.083.984.375,1,1.0,1.0,2.0,1.0,50.00,
21:55:19.412,,,,,,,,,,,,,,,,,,,,,,,,,,,,,,,,,,,,,,/muse/elements/blink
21:55:20.207,,,,,,,,,,,,,,,,,,,,,,,,,,,,,,,,,,,,,,/muse/elements/blink
21:55:20.337,-19.284.496,27.641.797,7.160.178,-26.726.842,14.184.406,42.971.584,1.536.343,43.564.567,37.167.463,43.943.268,27.049.732,42.518.058,7.604.199,11.453.228,10.988.356,7.776.932,4.877.152,7.433.593,82.112.616,32.877.478,16.246.154,10.391.575,16.250.183,27.197.803,69.223.444,5.068.359.375,-211.181.640.625,87.054.443.359.375,1.772.003.173.828.120,-2.729.034.423.828.120,-1.682.281.494.140.620,1,1.0,1.0,4.0,1.0,50.00,
21:55:20.908,,,,,,,,,,,,,,,,,,,,,,,,,,,,,,,,,,,,,,/muse/elements/blink
21:55:21.362,-19.284.496,4.181.875,7.160.178,-26.726.842,14.184.406,5.802.511,1.536.343,43.564.567,37.167.463,32.558.855,27.049.732,42.518.058,7.604.199,10.787.561,10.988.356,7.776.932,4.877.152,6.006.589,82.112.616,32.877.478,21.435.898,26.351.648,62.897.437,3.537.729,44.765.567,49.420.166.015.625,-6.439.208.984.375,87.030.029.296.875,3.147.735.595.703.120,-75.665.283.203.125,155.517.578.125,1,4.0,4.0,4.0,4.0,50.00,
21:55:21.395,,,,,,,,,,,,,,,,,,,,,,,,,,,,,,,,,,,,,,/muse/elements/blink
21:55:22.012,,,,,,,,,,,,,,,,,,,,,,,,,,,,,,,,,,,,,,/muse/elements/blink
21:55:22.375,-19.284.496,4.181.875,7.160.178,-26.726.842,14.184.406,5.802.511,1.536.343,43.564.567,37.167.463,32.558.855,27.049.732,42.518.058,7.604.199,10.787.561,10.988.356,7.776.932,4.877.152,6.006.589,82.112.616,32.877.478,0.0,13.441.758,16.254.213,7.655.678,8.179.487,5.096.435.546.875,-2.569.580.078.125,87.890.625,1.375.732.421.875,-82.244.873.046.875,-1.054.229.736.328.120,1,4.0,4.0,4.0,4.0,50.00,
21:55:22.426,,,,,,,,,,,,,,,,,,,,,,,,,,,,,,,,,,,,,,/muse/elements/blink
21:55:22.426,,,,,,,,,,,,,,,,,,,,,,,,,,,,,,,,,,,,,,/muse/elements/jaw_clench
21:55:22.947,,,,,,,,,,,,,,,,,,,,,,,,,,,,,,,,,,,,,,/muse/elements/blink
21:55:23.402,-19.284.496,4.181.875,7.160.178,-26.726.842,14.184.406,5.802.511,1.536.343,43.564.567,37.167.463,32.558.855,27.049.732,42.518.058,7.604.199,10.787.561,10.988.356,7.776.932,4.877.152,6.006.589,82.112.616,32.877.478,11.954.945,729304,9.339.927,73.534.796,8.272.161,50.714.111.328.125,-1.373.291.015.625,8.741.455.078.125,174.957.275.390.625,-1.502.838.134.765.620,-844.879.150.390.625,1,4.0,4.0,4.0,4.0,50.00,
21:55:24.405,-19.284.496,4.181.875,7.160.178,-26.726.842,14.184.406,5.802.511,1.536.343,43.564.567,37.167.463,32.558.855,27.049.732,42.518.058,7.604.199,10.787.561,10.988.356,7.776.932,4.877.152,6.006.589,82.112.616,32.877.478,84.494.507,6.321.978,89.007.324,76.677.655,810293,4.627.685.546.875,-115.966.796.875,904.296.875,309.539.794.921.875,3.177.642.822.265.620,231.781.005.859.375,1,4.0,4.0,4.0,4.0,50.00,
21:55:25.426,0.0,0.0,0.0,0.0,0.0,0.0,0.0,0.0,0.0,0.0,0.0,0.0,0.0,0.0,0.0,0.0,0.0,0.0,0.0,0.0,9.364.103,7.035.165,11.282.051,7.196.337,7.216.484,39.312.744.140.625,-27.099.609.375,927.490.234.375,6.280.517.578.125,-2.190.704.345.703.120,-2.130.889.892.578.120,0,4.0,4.0,4.0,4.0,50.00,
21:55:26.445,0.0,0.0,0.0,0.0,0.0,0.0,0.0,0.0,0.0,0.0,0.0,0.0,0.0,0.0,0.0,0.0,0.0,0.0,0.0,0.0,706337,6.906.227,75.912.085,79.578.754,7.716.117,40.203.857.421.875,-22.216.796.875,92.828.369.140.625,1.495.361.328.125,-435.150.146.484.375,-1.637.420.654.296.870,1,2.0,1.0,2.0,2.0,50.00,
21:55:27.451,26.374.036,0.0,0.0,38.408.908,36.198.553,0.0,0.0,10.758.722,9.970.254,0.0,0.0,83.724.946,6.154.256,0.0,0.0,83.471.113,43.066.394,0.0,0.0,5.884.151,8.485.714,7.135.897,8.288.278,76.677.655,69.465.204,40.374.755.859.375,-2.545.166.015.625,9.244.384.765.625,10.467.529.296.875,-3.446.807.861.328.120,-234.771.728.515.625,1,1.0,1.0,2.0,1.0,50.00,
21:55:28.453,4.326.384,0.0,0.0,42.684.773,44.064.474,0.0,0.0,16.148.849,10.644.083,0.0,0.0,87.943.035,7.318.358,0.0,0.0,95.627.636,5.582.033,0.0,0.0,59.218.115,7.160.073,67.772.894,40.857.144,8.199.634,11.572.161,39.984.130.859.375,-260.009.765.625,93.072.509.765.625,1.428.070.068.359.370,-3.357.086.181.640.620,-2.459.869.384.765.620,1,1.0,1.0,2.0,1.0,50.00,
21:55:29.455,52.871.704,0.0,0.0,5.095.342,3.330.441,0.0,0.0,20.101.368,9.011.282,0.0,0.0,79.473.406,8.250.231,0.0,0.0,8.874.541,4.419.654,0.0,0.0,5.875.607,7.438.095,7.768.498,87.919.415,79.699.634,90.054.944,39.794.921.875,-223.388.671.875,93.157.958.984.375,1.592.559.814.453.120,-3.581.390.380.859.370,-1.188.812.255.859.370,1,1.0,1.0,2.0,1.0,50.00,
21:55:30.460,22.015.071,0.0,0.0,37.870.663,75.689.113,0.0,0.0,6.899.266,9.434.781,0.0,0.0,8.414.636,9.059.844,0.0,0.0,8.787.983,5.984.645,0.0,0.0,73.132.986,8.247.985,73.897.437,7.478.388,7.937.729,92.391.943,40.087.890.625,-2.667.236.328.125,93.255.615.234.375,2.056.121.826.171.870,-396.270.751.953.125,-2.115.936.279.296.870,1,1.0,1.0,2.0,1.0,50.00,
21:55:31.474,5.777.951,0.0,0.0,9.560.589,7.705.297,0.0,0.0,7.641.162,90.819.156,0.0,0.0,8.341.909,9.223.091,0.0,0.0,10.065.459,73.818.266,0.0,0.0,7.819.431,87.516.486,75.347.986,9.432.601,77.322.345,6.209.158,4.036.865.234.375,-2.294.921.875,92.913.818.359.375,18.841.552.734.375,-420.196.533.203.125,-17.047.119.140.625,1,1.0,1.0,2.0,1.0,50.00,
21:55:32.480,-8.775.833,0.0,0.0,-18.590.802,-23.596.559,0.0,0.0,16.763.315,69.714.105,0.0,0.0,56.018.734,72.093.284,0.0,0.0,83.945.805,44.168.368,0.0,0.0,5.179.372,8.997.436,7.897.436,10.556.776,7.579.121,6.362.271,4.051.513.671.875,-2.557.373.046.875,9.267.578.125,1.248.626.708.984.370,-4.029.998.779.296.870,-198.883.056.640.625,1,1.0,1.0,2.0,1.0,50.00,
21:55:33.485,90.197.045,0.0,0.0,73.585.886,6.948.209,0.0,0.0,5.464.613,65.682.757,0.0,0.0,56.936.574,7.950.962,0.0,0.0,74.705.315,21.301.983,0.0,0.0,32.024.026,7.780.586,7.897.436,7.712.088,79.538.464,8.110.989,39.794.921.875,-2.392.578.125,92.852.783.203.125,1.375.732.421.875,-4.149.627.685.546.870,-1.293.487.548.828.120,1,1.0,1.0,2.0,1.0,50.00,
21:55:34.491,42.053.315,0.0,0.0,38.383.597,26.000.765,0.0,0.0,27.517.214,6.266.432,0.0,0.0,5.337.862,8.760.063,0.0,0.0,7.956.457,52.824.014,0.0,0.0,466.448,87.395.605,7.913.553,89.128.204,7.712.088,70.150.183,3.992.919.921.875,-281.982.421.875,93.072.509.765.625,1.562.652.587.890.620,-44.561.767.578.125,-17.047.119.140.625,1,1.0,1.0,2.0,1.0,50.00,
21:55:35.494,7.114.457,0.0,0.0,-19.993.131,-9.066.138,0.0,0.0,-15.702.136,615.588,0.0,0.0,7.311.083,76.560.867,0.0,0.0,8.534.563,5.545.749,0.0,0.0,5.554.745,90.296.704,80.989.014,10.915.385,8.014.286,6.519.414,4.034.423.828.125,-3.607.177.734.375,913.818.359.375,1.854.248.046.875,-539.825.439.453.125,-67.291.259.765.625,1,1.0,1.0,2.0,1.0,50.00,
21:55:36.515,30.127.227,0.0,0.0,10.893.337,5.003.893,0.0,0.0,2.514.737,8.066.125,0.0,0.0,97.218.555,82.084.554,0.0,0.0,79.628.605,4.915.484,0.0,0.0,5.865.155,9.013.553,81.512.823,16.250.183,8.268.132,7.204.396,40.570.068.359.375,-2.947.998.046.875,923.095.703.125,620.574.951.171.875,-4.074.859.619.140.620,-222.808.837.890.625,1,1.0,1.0,2.0,1.0,50.00,
21:55:37.518,4.775.787,0.0,0.0,42.344.198,42.030.257,0.0,0.0,47.572.067,73.824.406,0.0,0.0,92.959.493,79.423.267,0.0,0.0,86.750.156,574.179,0.0,0.0,7.557.762,8.961.172,85.703.296,91.626.373,77.886.444,7.595.238,39.990.234.375,-2.703.857.421.875,93.084.716.796.875,1.435.546.875,-39.776.611.328.125,-15.252.685.546.875,1,1.0,1.0,1.0,1.0,50.00,
21:55:38.521,4.359.927,0.0,0.0,6.245.971,5.436.326,0.0,0.0,4.710.634,60.790.104,0.0,0.0,8.438.077,6.697.366,0.0,0.0,8.750.791,374.507,0.0,0.0,54.521.406,7.152.015,7.925.641,87.798.535,828022,86.065.936,39.630.126.953.125,-31.005.859.375,9.346.923.828.125,1.024.322.509.765.620,-3.715.972.900.390.620,-198.883.056.640.625,1,1.0,1.0,1.0,1.0,50.00,
21:55:39.531,85.403.496,6.703.728,9.012.807,5.670.506,7.692.905,27.795.866,25.225.523,41.868.612,6.399.404,54.908.067,192.046,8.438.077,8.496.535,8.808.325,81.166.434,8.349.695,37.482.747,41.745.597,64.959.884,4.846.365,86.871.796,822381,8.409.158,77.967.035,67.410.254,39.794.921.875,-27.587.890.625,930.908.203.125,2.071.075.439.453.120,-5.226.287.841.796.870,-16.448.974.609.375,1,1.0,1.0,1.0,1.0,50.00,
21:55:40.541,7.262.177,43.285.415,9.496.373,44.748.017,6.591.108,11.752.253,-11.593.721,22.607.106,80.054.516,4.798.209,13.951.737,6.389.499,8.443.244,89.390.343,7.661.497,85.308.415,34.735.292,39.349.863,5.951.408,6.614.282,8.981.319,8.380.952,8.417.216,77.886.444,7.035.165,398.193.359.375,-223.388.671.875,9.283.447.265.625,1.248.626.708.984.370,-40.972.900.390.625,-1.996.307.373.046.870,1,1.0,1.0,1.0,1.0,50.00,
21:55:41.546,22.390.385,79.416.686,2.628.094,27.891.576,32.827.055,6.125.352,-27.092.558,15.951.549,9.561.924,6.084.529,17.832.813,7.564.796,6.903.626,8.310.082,79.421.324,8.252.738,3.794.703,68.194.616,76.112.574,5.322.329,7.196.337,78.531.134,80.626.373,8.252.015,96.824.176,3.934.326.171.875,-2.496.337.890.625,9.346.923.828.125,17.047.119.140.625,-3.222.503.662.109.370,-1.936.492.919.921.870,1,1.0,1.0,1.0,1.0,50.00,
21:55:42.547,24.646.646,70.059.556,46.014.547,2.014.194,22.623.992,47.178.087,-31.117.007,20.073.345,9.650.948,6.556.573,25.622.952,7.896.036,6.943.334,8.603.855,72.500.443,79.159.814,48.476.055,6.213.285,71.337.557,5.640.027,839304,7.937.729,8.078.755,8.002.198,10.266.666,3.946.533.203.125,-2.789.306.640.625,93.310.546.875,1.487.884.521.484.370,-3.775.787.353.515.620,-1.742.095.947.265.620,1,1.0,1.0,1.0,1.0,50.00,
21:55:43.554,40.784.526,5.950.284,27.187.365,18.924.357,16.152.012,36.044.827,-10.902.006,19.665.006,82.170.165,5.210.523,21.717.852,959.969,7.382.535,90.905.064,7.942.287,88.150.823,5.541.036,46.456.128,48.241.577,5.726.429,72.608.057,80.626.373,8.078.755,8.203.663,79.699.634,4.029.541.015.625,-216.064.453.125,93.255.615.234.375,1.846.771.240.234.370,-4.209.442.138.671.870,-15.252.685.546.875,1,1.0,1.0,1.0,1.0,50.00,
21:55:44.569,2.592.043,6.181.708,13.715.991,37.267.514,5.503.262,3.187.018,12.657.776,52.022.064,72.691.673,45.866.114,18.989.326,9.645.076,7.378.686,8.597.832,8.576.281,8.747.088,5.347.136,51.701.295,46.562.475,57.326.686,90.941.394,84.131.866,8.215.751,79.054.944,7.897.436,40.179.443.359.375,-2.606.201.171.875,9.298.095.703.125,1.278.533.935.546.870,-3.887.939.453.125,-2.415.008.544.921.870,1,1.0,1.0,1.0,1.0,50.00,
21:55:45.574,18.338.178,51.875.556,275.554,4.155.323,43.426.645,21.426.016,-29.853.398,5.768.133,88.192.254,4.795.258,-53.035.673,8.344.435,69.927.424,81.837.386,7.897.214,86.193.043,5.375.424,47.711.813,7.275.413,6.941.007,81.512.823,8.175.458,81.391.943,8.054.579,7.357.509,41.082.763.671.875,-2.569.580.078.125,91.839.599.609.375,1.614.990.234.375,-402.252.197.265.625,-2.579.498.291.015.620,1,1.0,1.0,1.0,1.0,50.00,
21:55:46.577,26.064.008,27.632.025,28.533.912,49.708.176,5.261.223,4.866.454,-20.534.755,58.375.365,7.827.414,15.959.302,10.162.546,8.238.232,63.000.137,85.919,74.549.276,808.944,5.120.957,36.055.675,64.776.146,4.975.178,700293,79.981.683,80.344.324,80.989.014,787326,415.283.203.125,-159.912.109.375,92.034.912.109.375,2.400.054.931.640.620,-3.910.369.873.046.870,-1.816.864.013.671.870,1,1.0,1.0,1.0,1.0,50.00,
21:55:47.593,8.346.023,5.774.252,5.898.068,98.561.597,84.940.237,5.168.164,19.158.831,7.322.259,72.459.483,1.877.814,14.838.518,96.906.537,634.834,8.372.757,71.167.755,83.285.534,38.509.893,49.011.397,47.465.202,55.237.937,90.014.655,8.203.663,8.131.135,7.869.231,74.663.007,42.181.396.484.375,-1.312.255.859.375,9.237.060.546.875,1.428.070.068.359.370,-396.270.751.953.125,-2.519.683.837.890.620,1,1.0,1.0,1.0,1.0,50.00,
21:55:48.599,10.088.807,6.578.519,6.418.225,10.600.939,10.468.718,4.970.626,18.101.732,9.751.405,7.949.313,15.670.137,11.368.499,10.140.322,7.668.791,82.292.205,85.351.205,8.916.988,5.167.539,48.866.495,55.030.704,5.968.785,75.912.085,7.857.143,79.457.874,8.119.048,80.989.014,41.790.771.484.375,-1.715.087.890.625,92.340.087.890.625,1.084.136.962.890.620,-459.075.927.734.375,-297.576.904.296.875,1,1.0,1.0,1.0,1.0,50.00,
21:55:49.604,8.305.117,34.552.425,31.133.622,50.327.206,52.961.016,13.431.178,-22.593.911,47.575.253,8.102.426,22.021.472,16.218.756,7.620.077,7.042.105,80.726.653,70.084.834,8.977.458,49.554.458,4.416.384,42.799.568,59.659.314,87.516.486,79.054.944,81.150.183,7.752.381,100.772.894,42.230.224.609.375,-2.423.095.703.125,92.120.361.328.125,14.654.541.015.625,-474.029.541.015.625,-16.748.046.875,1,1.0,1.0,1.0,1.0,50.00,
21:55:50.607,749.385,-46.411.887,-90.678.185,6.055.281,7.816.097,-12.118.363,-62.320.977,5.779.009,9.732.924,35.299.367,43.107.995,73.839.754,8.077.822,8.141.858,7.804.208,8.700.452,6.378.796,41.470.876,5.561.095,5.772.105,7.240.659,8.030.403,828022,84.131.866,828022,43.218.994.140.625,-224.609.375,9.163.818.359.375,1.614.990.234.375,-4.000.091.552.734.370,-15.850.830.078.125,1,1.0,1.0,1.0,1.0,50.00,
21:55:51.610,86.126.727,-7.259.621,38.294.688,8.495.194,84.099.793,-12.813.377,46.578.324,73.637.867,8.773.795,271.383,2.824.098,8.290.162,7.220.457,8.794.371,99.528.474,762.864,5.649.917,44.135.752,64.997.923,45.177.972,7.937.729,8.066.667,8.312.454,8.090.842,77.725.275,4.219.970.703.125,-2.923.583.984.375,920.654.296.875,160.003.662.109.375,-40.972.900.390.625,-1.973.876.953.125,1,1.0,1.0,1.0,1.0,50.00,
21:55:51.887,,,,,,,,,,,,,,,,,,,,,,,,,,,,,,,,,,,,,,/muse/elements/blink
21:55:52.617,7.169.687,2.710.709,40.240.204,80.963.796,5.366.737,8.117.553,16.827.014,5.032.709,46.292.153,2.649.853,32.837.793,6.660.922,69.773.775,6.880.659,87.054.956,6.928.411,47.984.204,32.654.467,60.783.833,3.775.302,7.792.674,8.235.897,80.505.493,81.271.063,8.030.403,43.096.923.828.125,-252.685.546.875,911.376.953.125,14.056.396.484.375,-48.150.634.765.625,-1.652.374.267.578.120,1,1.0,1.0,1.0,1.0,50.00,
21:55:53.625,10.002.275,5.321.639,72.147.596,10.676.105,28.923.133,12.902.752,5.269.158,37.811.464,11.081.583,16.896.856,-2.211.819,8.072.121,2.206.647,70.470.065,5.339.599,5.924.577,15.111.336,23.668.848,22.525.916,29.139.453,740989,7.965.934,8.159.341,8.211.722,8.534.066,42.523.193.359.375,-3.369.140.625,912.109.375,1.256.103.515.625,-420.196.533.203.125,-174.957.275.390.625,1,1.0,1.0,1.0,1.0,50.00,
21:55:54.631,11.611.052,41.988.415,72.590.536,10.580.902,24.262.859,20.095.499,3.570.492,40.431.872,11.469.012,23.055.464,43.763.044,8.996.275,44.471.058,65.169.305,48.074.538,6.078.038,17.233.312,28.301.436,91.631.584,29.809.445,880.0,8.256.044,821978,8.066.667,8.578.388,42.926.025.390.625,-3.765.869.140.625,91.748.046.875,136.077.880.859.375,-37.982.177.734.375,-1.398.162.841.796.870,1,1.0,1.0,1.0,1.0,50.00,
21:55:55.639,13.294.334,6.730.566,8.195.731,10.827.326,14.559.345,6.136.057,2.583.746,4.787.684,8.290.241,2.395.963,40.635.067,6.881.577,6.216.057,74.374.074,8.874.034,6.029.022,20.435.998,4.978.222,3.814.958,29.199.246,7.369.597,81.512.823,827619,8.239.927,7.881.319,43.365.478.515.625,-33.447.265.625,9.091.796.875,180.938.720.703.125,-4.628.143.310.546.870,-1.136.474.609.375,1,1.0,1.0,1.0,1.0,50.00,
21:55:56.251,,,,,,,,,,,,,,,,,,,,,,,,,,,,,,,,,,,,,,/muse/elements/blink
21:55:56.653,21.147.403,90.656.376,33.792.812,10.092.094,990.021,6.850.691,116.855.994,-6.395.825,46.756.783,71.651.036,17.527.121,30.735.192,4.473.631,8.043.341,822.265,633.313,3.847.282,5.218.263,4.905.672,33.936.974,7.514.652,8.006.227,8.006.227,79.457.874,73.776.556,4.368.896.484.375,-379.638.671.875,9.111.328.125,157.012.939.453.125,-3.641.204.833.984.370,-1.966.400.146.484.370,1,1.0,1.0,1.0,1.0,50.00,
21:55:57.531,,,,,,,,,,,,,,,,,,,,,,,,,,,,,,,,,,,,,,/muse/elements/blink
21:55:57.662,17.301.367,11.362.289,5.638.928,-1.289.183,883.285,91.693.234,3.321.349,-15.014.413,4.669.038,70.819.074,21.459.354,3.070.599,46.622.357,82.762.426,68.858.284,64.727.074,39.471.558,50.655.186,55.257.344,35.970.768,8.409.158,79.457.874,8.159.341,8.389.011,10.359.341,42.999.267.578.125,-35.400.390.625,9.178.466.796.875,1.435.546.875,-3.476.715.087.890.620,-1.682.281.494.140.620,1,1.0,1.0,1.0,1.0,50.00,
21:55:58.050,,,,,,,,,,,,,,,,,,,,,,,,,,,,,,,,,,,,,,/muse/elements/blink
21:55:58.681,17.301.367,53.785.205,24.062.648,-1.289.183,883.285,42.922.685,3.038.598,-15.014.413,4.669.038,26.144.588,55.477.107,3.070.599,46.622.357,74.528.766,86.815.083,64.727.074,39.471.558,44.836.596,6.091.459,35.970.768,8.352.747,81.915.753,8.211.722,79.578.754,7.059.341,4.312.744.140.625,-3.515.625,91.278.076.171.875,142.059.326.171.875,-429.168.701.171.875,-1.263.580.322.265.620,1,1.0,1.0,1.0,1.0,50.00,
21:55:59.700,-25.087.785,25.515.163,44.585.362,-4.979.826,12.658.514,18.717.064,-17.447.127,5.202.631,2.081.097,2.378.713,2.563.902,59.243.834,77.378.774,75.397.193,9.648.175,7.346.022,36.025.882,41.187.203,56.038.576,40.779.218,8.038.461,79.538.464,810293,69.868.134,8.300.366,43.743.896.484.375,-40.771.484.375,91.351.318.359.375,2.011.260.986.328.120,-4.777.679.443.359.370,-139.068.603.515.625,1,1.0,1.0,1.0,1.0,50.00,
21:55:59.897,,,,,,,,,,,,,,,,,,,,,,,,,,,,,,,,,,,,,,/muse/elements/blink
21:56:00.714,-25.087.785,2.800.016,-21.788.679,-4.979.826,12.658.514,2.300.196,-26.597.297,5.202.631,2.081.097,-520.607,24.156.886,59.243.834,77.378.774,8.280.534,7.858.242,7.346.022,36.025.882,376.649,5.119.092,40.779.218,7.736.264,810696,8.167.399,8.284.249,7.671.795,42.791.748.046.875,-4.266.357.421.875,9.112.548.828.125,1.562.652.587.890.620,-4.329.071.044.921.870,-1.734.619.140.625,1,1.0,1.0,1.0,1.0,50.00,
21:56:01.108,,,,,,,,,,,,,,,,,,,,,,,,,,,,,,,,,,,,,,/muse/elements/blink
21:56:01.720,-25.087.785,4.313.732,-1.369.421,-4.979.826,12.658.514,21.143.219,-11.506.927,5.202.631,2.081.097,33.372.188,3.234.397,59.243.834,77.378.774,68.238.777,8.285.145,7.346.022,36.025.882,42.205.626,5.798.401,40.779.218,8.066.667,80.465.204,8.038.461,79.699.634,80.868.134,43.585.205.078.125,-428.466.796.875,90.960.693.359.375,19.439.697.265.625,-39.776.611.328.125,-1.293.487.548.828.120,1,1.0,1.0,1.0,1.0,50.00,
21:56:02.726,-25.087.785,3.887.337,-17.317.727,-4.979.826,12.658.514,55.620.032,-7.132.125,5.202.631,2.081.097,33.487.964,40.338.984,59.243.834,77.378.774,6.933.603,7.792.936,7.346.022,36.025.882,4.243.085,5.302.815,40.779.218,7.127.839,799011,80.989.014,8.316.484,9.130.403,43.707.275.390.625,-4.180.908.203.125,91.412.353.515.625,1.256.103.515.625,-3.611.297.607.421.870,-2.459.869.384.765.620,1,2.0,1.0,1.0,2.0,50.00,
21:56:03.732,7.160.333,-3.991.561,20.551.461,72.904.134,60.413.736,-889.424,10.873.241,80.348.593,10.330.321,17.806.774,32.605.216,10.630.946,8.260.976,7.800.732,79.085.547,87.120.557,6.513.395,44.905.066,50.605.196,6.268.161,8.961.172,816337,8.312.454,79.538.464,6.624.176,43.524.169.921.875,-465.087.890.625,9.140.625,1.487.884.521.484.370,-3.985.137.939.453.120,-1.921.539.306.640.620,1,1.0,1.0,1.0,1.0,50.00,
21:56:04.250,,,,,,,,,,,,,,,,,,,,,,,,,,,,,,,,,,,,,,/muse/elements/blink
21:56:04.751,33.859.518,12.797.263,12.517.501,23.425.694,120.715.804,50.361.916,-11.871.715,48.655.742,7.259.718,18.916.444,22.775.343,5.488.024,671.469,72.165.525,754.283,6.679,6.037.554,5.290.139,61.744.404,6.736.127,77.967.035,8.094.872,8.272.161,8.235.897,73.776.556,43.719.482.421.875,-39.794.921.875,90.875.244.140.625,162.994.384.765.625,-4.613.189.697.265.620,-1.772.003.173.828.120,1,1.0,1.0,1.0,1.0,45.00,
21:56:05.768,86.470.443,-18.670.098,-50.009.657,84.566.814,7.384.432,-29.539.573,-12.908.706,38.493.085,39.657.858,-24.711.683,33.389.756,72.472.316,6.397.885,92.497.605,9.205.362,87.347.937,53.265.315,48.651.004,5.920.975,64.041.793,87.959.705,8.247.985,8.243.956,7.949.817,723663,44.244.384.765.625,-4.534.912.109.375,909.423.828.125,160.003.662.109.375,-4.007.568.359.375,-180.938.720.703.125,1,1.0,1.0,1.0,1.0,45.00,
21:56:06.774,7.796.696,-2.281.167,18.121.688,74.595.237,610.306,-8.673.868,25.241.937,30.837.837,53.588.945,-13.271.542,4.103.941,8.203.875,6.188.822,85.013.634,9.189.372,7.892.335,543.324,58.954.763,6.826.775,6.145.627,4.798.901,85.824.176,67.369.965,7.196.337,9.847.619,43.865.966.796.875,-4.376.220.703.125,904.541.015.625,31.402.587.890.625,-5.719.757.080.078.120,-3.880.462.646.484.370,1,1.0,1.0,1.0,1.0,45.00,
21:56:06.883,,,,,,,,,,,,,,,,,,,,,,,,,,,,,,,,,,,,,,/muse/elements/jaw_clench
21:56:06.948,,,,,,,,,,,,,,,,,,,,,,,,,,,,,,,,,,,,,,/muse/elements/blink
21:56:07.787,"-4,58E+03",-4.978.024,-19.055.705,27.899.325,24.146.147,-18.955.536,-20.373.112,24.406.554,1.914.694,-37.947.142,19.016.011,543.651,54.482.543,74.217.063,9.561.982,6.686.243,4.947.903,41.013.494,63.348.895,46.852.306,7.736.264,81.915.753,8.195.604,8.183.516,76.113.556,43.408.203.125,-4.632.568.359.375,91.064.453.125,157.012.939.453.125,-43.365.478.515.625,-1.158.905.029.296.870,1,1.0,1.0,1.0,1.0,45.00,
21:56:08.801,8.567.226,-11.948.378,367.464,7.165.733,5.171.595,28.619.152,16.952.254,5.576.677,7.186.381,15.363.778,40.242.478,7.552.638,4.903.885,55.238.616,8.666.604,818.128,62.388.307,314.923,4.985.073,5.587.246,79.014.655,8.082.784,81.915.753,8.215.751,7.909.524,44.110.107.421.875,-489.501.953.125,90.679.931.640.625,934.600.830.078.125,-36.187.744.140.625,-2.654.266.357.421.870,1,1.0,1.0,1.0,1.0,45.00,
21:56:09.414,,,,,,,,,,,,,,,,,,,,,,,,,,,,,,,,,,,,,,/muse/elements/blink
21:56:09.816,8.270.905,48.621.187,33.479.455,7.942.578,474.832,73.167.436,26.580.638,5.921.938,78.511.333,47.467.086,51.673.585,7.280.118,613.224,5.728.084,7.493.639,7.222.651,5.649.075,42.017.627,45.567.936,51.817.167,850989,8.252.015,816337,8.030.403,6.273.626,44.195.556.640.625,-516.357.421.875,9.095.458.984.375,155.517.578.125,-432.159.423.828.125,-1.562.652.587.890.620,1,1.0,1.0,1.0,1.0,45.00,
21:56:10.836,7.869.592,7.422.576,29.806.596,9.086.114,41.536.692,22.583.005,31.876.144,6.944.192,590.668,51.039.106,35.547.444,690.084,7.298.147,6.242.031,60.370.374,579.412,47.776.133,37.499.195,28.624.848,47.547.668,87.153.845,79.417.584,81.512.823,7.663.736,6.728.938,4.093.017.578.125,-5.230.712.890.625,92.779.541.015.625,1.233.673.095.703.120,-39.178.466.796.875,-227.294.921.875,1,1.0,1.0,1.0,1.0,45.00,
21:56:11.131,,,,,,,,,,,,,,,,,,,,,,,,,,,,,,,,,,,,,,/muse/elements/jaw_clench
21:56:11.231,,,,,,,,,,,,,,,,,,,,,,,,,,,,,,,,,,,,,,/muse/elements/blink
21:56:11.844,86.415.285,1.001.399,27.597.874,9.086.114,9.704.451,93.423.533,2.632.732,6.944.192,11.722.754,1.779.278,14.985.017,690.084,12.687.237,5.271.358,598.022,579.412,8.599.751,2.411.961,20.842.192,47.547.668,75.912.085,8.175.458,80.626.373,8.300.366,88.604.395,4.200.439.453.125,-523.681.640.625,91.412.353.515.625,1.203.765.869.140.620,-4.209.442.138.671.870,-1.906.585.693.359.370,1,1.0,1.0,1.0,1.0,45.00,
21:56:12.766,,,,,,,,,,,,,,,,,,,,,,,,,,,,,,,,,,,,,,/muse/elements/jaw_clench
21:56:12.860,86.415.285,5.354.332,27.597.874,9.086.114,9.704.451,1.936.611,2.632.732,6.944.192,11.722.754,21.155.858,14.985.017,690.084,12.687.237,6.357.793,598.022,579.412,8.599.751,4.392.785,20.842.192,47.547.668,90.699.634,8.227.839,7.909.524,8.038.461,7.965.934,4.237.060.546.875,-4.144.287.109.375,9.166.259.765.625,1.876.678.466.796.870,-429.168.701.171.875,-97.198.486.328.125,1,1.0,1.0,1.0,1.0,45.00,
21:56:13.803,,,,,,,,,,,,,,,,,,,,,,,,,,,,,,,,,,,,,,/muse/elements/jaw_clench
21:56:13.866,86.415.285,5.354.332,27.597.874,9.086.114,9.704.451,1.936.611,2.632.732,6.944.192,11.722.754,21.155.858,14.985.017,690.084,12.687.237,6.357.793,598.022,579.412,8.599.751,4.392.785,20.842.192,47.547.668,7.321.245,7.792.674,7.909.524,80.747.253,7.949.817,433.837.890.625,-438.232.421.875,9.140.625,168.975.830.078.125,-450.103.759.765.625,-1.487.884.521.484.370,1,2.0,1.0,1.0,2.0,45.00,
21:56:14.809,,,,,,,,,,,,,,,,,,,,,,,,,,,,,,,,,,,,,,/muse/elements/jaw_clench
21:56:14.871,86.415.285,5.354.332,27.597.874,9.086.114,9.704.451,1.936.611,2.632.732,6.944.192,11.722.754,21.155.858,14.985.017,690.084,12.687.237,6.357.793,598.022,579.412,8.599.751,4.392.785,20.842.192,47.547.668,9.130.403,8.123.077,8.175.458,7.937.729,62.131.866,42.559.814.453.125,-494.384.765.625,91.290.283.203.125,-1.024.322.509.765.620,-1.532.745.361.328.120,85.235.595.703.125,1,2.0,1.0,1.0,2.0,45.00,
21:56:15.487,,,,,,,,,,,,,,,,,,,,,,,,,,,,,,,,,,,,,,/muse/elements/jaw_clench
21:56:15.874,86.415.285,75.130.486,27.597.874,9.086.114,9.704.451,38.300.225,2.632.732,6.944.192,11.722.754,60.393.727,14.985.017,690.084,12.687.237,72.380.155,598.022,579.412,8.599.751,89.945.066,20.842.192,47.547.668,8.030.403,8.143.223,8.231.868,8.260.073,67.249.084,42.645.263.671.875,-531.005.859.375,9.166.259.765.625,1.398.162.841.796.870,-48.748.779.296.875,-1.727.142.333.984.370,1,2.0,1.0,1.0,2.0,55.00,
21:56:16.457,,,,,,,,,,,,,,,,,,,,,,,,,,,,,,,,,,,,,,/muse/elements/blink
21:56:16.875,86.415.285,6.803.901,27.597.874,9.086.114,9.704.451,81.019.205,2.632.732,6.944.192,11.722.754,59.429.574,14.985.017,690.084,12.687.237,63.525.337,598.022,579.412,8.599.751,41.584.012,20.842.192,47.547.668,619304,7.937.729,97.065.936,7.220.513,84.131.866,44.769.287.109.375,-6.024.169.921.875,9.140.625,168.975.830.078.125,-4.927.215.576.171.870,-1.517.791.748.046.870,1,2.0,1.0,1.0,2.0,55.00,
21:56:17.039,,,,,,,,,,,,,,,,,,,,,,,,,,,,,,,,,,,,,,/muse/elements/blink
21:56:17.753,,,,,,,,,,,,,,,,,,,,,,,,,,,,,,,,,,,,,,/muse/elements/blink
21:56:17.884,86.415.285,7.682.746,27.597.874,9.086.114,9.704.451,10.784.439,2.632.732,6.944.192,11.722.754,7.406.945,14.985.017,690.084,12.687.237,6.085.365,598.022,579.412,8.599.751,40.060.118,20.842.192,47.547.668,88.967.035,8.135.165,8.292.308,79.014.655,6.100.366,42.401.123.046.875,-6.353.759.765.625,9.154.052.734.375,11.065.673.828.125,-39.776.611.328.125,-165.985.107.421.875,1,2.0,1.0,1.0,2.0,55.00,
21:56:18.684,,,,,,,,,,,,,,,,,,,,,,,,,,,,,,,,,,,,,,/muse/elements/blink
21:56:18.893,86.415.285,82.816.374,27.597.874,9.086.114,9.704.451,94.908.834,2.632.732,6.944.192,11.722.754,8.654.192,14.985.017,690.084,12.687.237,6.047.648,598.022,579.412,8.599.751,3.904.528,20.842.192,47.547.668,76.113.556,8.135.165,8.135.165,8.026.374,6.732.967,42.340.087.890.625,-5.902.099.609.375,91.497.802.734.375,1.801.910.400.390.620,-435.150.146.484.375,-1.951.446.533.203.120,1,2.0,1.0,1.0,2.0,55.00,
21:56:19.174,,,,,,,,,,,,,,,,,,,,,,,,,,,,,,,,,,,,,,/muse/elements/blink
21:56:19.372,,,,,,,,,,,,,,,,,,,,,,,,,,,,,,,,,,,,,,/muse/elements/blink
21:56:19.468,,,,,,,,,,,,,,,,,,,,,,,,,,,,,,,,,,,,,,/muse/elements/jaw_clench
21:56:19.759,,,,,,,,,,,,,,,,,,,,,,,,,,,,,,,,,,,,,,/muse/elements/blink
21:56:19.921,86.415.285,5.265.905,27.597.874,9.086.114,9.704.451,8.825.098,2.632.732,6.944.192,11.722.754,82.384.634,14.985.017,690.084,12.687.237,78.753.865,598.022,579.412,8.599.751,25.614.792,20.842.192,47.547.668,9.347.985,8.014.286,8.288.278,8.421.245,8.155.311,4.312.744.140.625,-537.109.375,91.046.142.578.125,251.220.703.125,-4.388.885.498.046.870,-115.142.822.265.625,1,2.0,1.0,1.0,2.0,55.00,
21:56:20.083,,,,,,,,,,,,,,,,,,,,,,,,,,,,,,,,,,,,,,/muse/elements/blink
21:56:20.709,,,,,,,,,,,,,,,,,,,,,,,,,,,,,,,,,,,,,,/muse/elements/blink
21:56:20.933,86.415.285,5.265.905,27.597.874,9.086.114,9.704.451,8.825.098,2.632.732,6.944.192,11.722.754,82.384.634,14.985.017,690.084,12.687.237,78.753.865,598.022,579.412,8.599.751,25.614.792,20.842.192,47.547.668,850989,81.150.183,81.271.063,7.845.055,6.918.315,42.547.607.421.875,-6.341.552.734.375,916.015.625,979.461.669.921.875,-321.502.685.546.875,-20.037.841.796.875,1,2.0,1.0,1.0,2.0,55.00,
21:56:21.615,,,,,,,,,,,,,,,,,,,,,,,,,,,,,,,,,,,,,,/muse/elements/blink
21:56:21.959,86.415.285,21.941.058,477.642,9.086.114,9.704.451,17.188.607,25.296.578,6.944.192,11.722.754,23.326.774,5.831.853,690.084,12.687.237,4.938.822,10.002.954,579.412,8.599.751,18.442.707,74.505.454,47.547.668,8.026.374,7.973.993,8.719.414,83.084.247,86.589.746,430.908.203.125,-54.931.640.625,90.985.107.421.875,1.443.023.681.640.620,-41.571.044.921.875,-204.864.501.953.125,1,2.0,1.0,1.0,2.0,55.00,
21:56:22.963,86.415.285,60.932.163,477.642,9.086.114,9.704.451,-7.586.115,25.296.578,6.944.192,11.722.754,70.611.596,5.831.853,690.084,12.687.237,4.568.566,10.002.954,579.412,8.599.751,3.189.075,74.505.454,47.547.668,8.066.667,85.663.007,8.981.319,8.332.601,8.002.198,44.219.970.703.125,-526.123.046.875,90.032.958.984.375,15.252.685.546.875,-411.224.365.234.375,-1.353.302.001.953.120,1,2.0,1.0,1.0,2.0,55.00,
21:56:23.969,86.415.285,60.932.163,477.642,9.086.114,9.704.451,-7.586.115,25.296.578,6.944.192,11.722.754,70.611.596,5.831.853,690.084,12.687.237,4.568.566,10.002.954,579.412,8.599.751,3.189.075,74.505.454,47.547.668,85.824.176,75.871.796,80.989.014,75.227.106,10.685.714,41.204.833.984.375,-469.970.703.125,9.212.646.484.375,3.461.761.474.609.370,1.667.327.880.859.370,22.430.419.921.875,1,2.0,1.0,1.0,2.0,55.00,
21:56:24.553,,,,,,,,,,,,,,,,,,,,,,,,,,,,,,,,,,,,,,/muse/elements/blink
21:56:24.974,86.415.285,60.932.163,477.642,9.086.114,9.704.451,-7.586.115,25.296.578,6.944.192,11.722.754,70.611.596,5.831.853,690.084,12.687.237,4.568.566,10.002.954,579.412,8.599.751,3.189.075,74.505.454,47.547.668,87.395.605,79.336.993,6.293.773,80.102.563,6.849.817,3.316.650.390.625,-6.683.349.609.375,92.340.087.890.625,-925.628.662.109.375,-12.030.181.884.765.600,-79.852.294.921.875,1,2.0,1.0,4.0,2.0,55.00,
21:56:25.991,86.415.285,60.932.163,477.642,9.086.114,9.704.451,-7.586.115,25.296.578,6.944.192,11.722.754,70.611.596,5.831.853,690.084,12.687.237,4.568.566,10.002.954,579.412,8.599.751,3.189.075,74.505.454,47.547.668,7.740.293,74.945.056,9.388.278,8.332.601,6.990.842,5.360.107.421.875,-11.572.265.625,8.544.921.875,1.966.400.146.484.370,-7.454.376.220.703.120,-418.701.171.875,1,2.0,1.0,4.0,2.0,50.00,
21:56:26.010,,,,,,,,,,,,,,,,,,,,,,,,,,,,,,,,,,,,,,/muse/elements/blink
21:56:27.009,86.415.285,60.932.163,477.642,9.086.114,9.704.451,-7.586.115,25.296.578,6.944.192,11.722.754,70.611.596,5.831.853,690.084,12.687.237,4.568.566,10.002.954,579.412,8.599.751,3.189.075,74.505.454,47.547.668,9.009.524,7.426.007,11.161.172,78.087.915,8.836.264,5.478.515.625,-11.346.435.546.875,84.051.513.671.875,1.876.678.466.796.870,-539.825.439.453.125,-1.876.678.466.796.870,1,2.0,1.0,2.0,2.0,50.00,